City,PM2.5,PM10,NO2,SO2,O3,CO,cluster
Bangalore,248.54683821516562,296.769887763482,75.02622502053107,50.2831918970709,99.20279222556802,5.0596496030659734,0
Chennai,252.5151382425404,297.9903367095538,75.15113605255954,49.89050095811662,99.00700793868053,4.990218998083767,0
Delhi,252.90585819874076,297.42685464002193,75.91147002463728,49.85524226663017,100.66465918423214,4.976162058581987,1
Kolkata,250.45688475225842,303.2874076101834,75.32157131125103,49.09616753353408,102.11409800164249,5.045817136600054,1
Mumbai,248.5637558171366,301.7379687927731,75.66917601970982,50.05409252669039,101.04514098001643,4.940407883931016,1
