season,PM2.5,PM10,NO,NO2,CO,SO2,O3
Winter (DJF),246.37337763012184,299.19003322259135,100.57034330011074,76.03479512735326,4.97949723145072,49.70609080841639,100.05198228128461
Spring (MAM),253.81897826086959,298.77997826086954,99.06202173913043,75.05406521739131,5.015965217391304,50.06182608695652,101.90154347826086
Summer (JJA),251.93876086956521,299.2106086956522,100.30710869565218,75.01669565217391,5.035317391304348,49.64741304347826,99.83841304347827
Autumn (SON),250.17703296703297,300.59723076923075,102.00285714285714,75.57123076923077,4.978338461538462,49.92661538461539,99.82210989010989
