City,AQI
Mumbai,253.3190528332877
Delhi,251.49630440733642
Kolkata,250.6353955652888
Chennai,250.33876266082672
Bangalore,249.76739666027925
